{
    "camera": {
        "center": [
            0,
            0,
            10
        ],
        "direction": [
            0,
            0,
            -1
        ],
        "up": [
            0,
            1,
            0
        ],
        "angle": 45,
        "width": 400,
        "height": 400
    },
    "background": [
        0,
        0,
        0
    ],
    "object": [
        {
            "type": "Transform",
            "param": {
                "operation": {
                    "ZRotate": 15,
                    "Translate": [
                        1.7,
                        0,
                        0
                    ]
                },
                "object": {
                    "type": "RevSurface",
                    "param": {
                        "profile": "BsplineCurve",
                        "controls": [
                            [
                                0.000000,
                                -0.459543,
                                0.0
                            ],
                            [
                                0.000000,
                                -0.459544,
                                0.0
                            ],
                            [
                                0.000000,
                                -0.459545,
                                0.0
                            ],
                            [
                                -0.351882,
                                -0.426747,
                                0.0
                            ],
                            [
                                -0.848656,
                                -0.278898,
                                0.0
                            ],
                            [
                                -1.112097,
                                0.084005,
                                0.0
                            ],
                            [
                                -1.164785,
                                1.105511,
                                0.0
                            ],
                            [
                                -0.991667,
                                2.328629,
                                0.0
                            ],
                            [
                                -1.029301,
                                2.503360,
                                0.0
                            ],
                            [
                                -1.088800,
                                2.345600,
                                0.0
                            ],
                            [
                                -1.278000,
                                1.162800,
                                0.0
                            ],
                            [
                                -1.214800,
                                0.055200,
                                0.0
                            ],
                            [
                                -0.915600,
                                -0.381200,
                                0.0
                            ],
                            [
                                -0.380400,
                                -0.622000,
                                0.0
                            ],
                            [
                                -0.144000,
                                -0.968400,
                                0.0
                            ],
                            [
                                -0.096800,
                                -1.480000,
                                0.0
                            ],
                            [
                                -0.128400,
                                -2.112400,
                                0.0
                            ],
                            [
                                -0.317200,
                                -2.202800,
                                0.0
                            ],
                            [
                                -0.994400,
                                -2.262800,
                                0.0
                            ],
                            [
                                -1.214800,
                                -2.323200,
                                0.0
                            ],
                            [
                                -1.199200,
                                -2.398400,
                                0.0
                            ],
                            [
                                -1.057600,
                                -2.458800,
                                0.0
                            ],
                            [
                                -0.711200,
                                -2.458800,
                                0.0
                            ],
                            [
                                0.000000,
                                -2.458800,
                                0.0
                            ],
                            [
                                0.000000,
                                -2.458801,
                                0.0
                            ],
                            [
                                0.000000,
                                -2.458802,
                                0.0
                            ]
                        ]
                    }
                }
            },
            "material": {
                "color": [
                    1.0,
                    1.0,
                    0.7
                ],
                "bsdf": [
                    0,
                    1,
                    0
                ]
            }
        },
        {
            "type": "Transform",
            "param": {
                "operation": {
                    "ZRotate": -8,
                    "Translate": [
                        -1.5,
                        -0.5,
                        0
                    ]
                },
                "object": {
                    "type": "RevSurface",
                    "param": {
                        "profile": "BsplineCurve",